<RestClientRequest>
  <option name="biscuits">
    <list />
  </option>
  <option name="httpMethod" value="POST" />
  <option name="urlBase" value="https://api.facematica.vocord.ru" />
  <option name="urlPath" value="/v1/face/detect" />
  <option name="headers">
    <list>
      <KeyValuePair>
        <option name="key" value="Content-Type" />
        <option name="value" value="multipart/form-data" />
      </KeyValuePair>
      <KeyValuePair>
        <option name="key" value="Content-Disposition" />
        <option name="value" value="form-data" />
      </KeyValuePair>
      <KeyValuePair>
        <option name="key" value="Content-Type" />
        <option name="value" value="image/jpeg" />
      </KeyValuePair>
      <KeyValuePair>
        <option name="key" value="Authorization" />
        <option name="value" value="bearer eyJ0eXAiOiJKV1QiLCJhbGciOiJIUzI1NiJ9.eyJpc3MiOiJhcGkuZmFjZW1hdGljYS52b2NvcmQucnUiLCJpYXQiOjE0ODg4MDIxMzcsImV4cCI6MTQ4OTQwNjkzNywidXNlcmRhdGEiOnsiaWQiOiIxMTIwIn19.mGoaHZcKalvfef60iYp7j_Dmq2zu47_mpvxcr6v6nF4" />
      </KeyValuePair>
    </list>
  </option>
  <option name="parameters">
    <list>
      <KeyValuePair>
        <option name="key" value="filename" />
        <option name="value" value="example.png" />
      </KeyValuePair>
      <KeyValuePair>
        <option name="key" value="name" />
        <option name="value" value="img1" />
      </KeyValuePair>
    </list>
  </option>
  <option name="parametersEnabled" value="true" />
  <option name="haveTextToSend" value="false" />
  <option name="haveFileToSend" value="true" />
  <option name="isFileUpload" value="true" />

  <option name="filesToSend" value="/Users/SAS/Sites/E-reception/backend/web/uploads/images/real_photos/example.png" />
</RestClientRequest>