<RestClientRequest>
  <option name="biscuits">
    <list />
  </option>
  <option name="httpMethod" value="GET" />
  <option name="urlBase" value="https://api.facematica.vocord.ru" />
  <option name="urlPath" value="/v1/account/login" />
  <option name="headers">
    <list>
      <KeyValuePair>
        <option name="key" value="Content-Type" />
        <option name="value" value="application/json" />
      </KeyValuePair>
    </list>
  </option>
  <option name="parameters">
    <list>
      <KeyValuePair>
        <option name="key" value="api_key" />
        <option name="value" value="fcm3d9fe7b8281bd750d4b852de9a7ab0a5fcm" />
      </KeyValuePair>
    </list>
  </option>
  <option name="parametersEnabled" value="true" />
  <option name="haveTextToSend" value="false" />
  <option name="haveFileToSend" value="false" />
  <option name="isFileUpload" value="false" />
  <option name="textToSend" value="http://e-reception.local/backend/uploads/images/real_photos/real_5.jpg" />
  <option name="filesToSend" value="" />
</RestClientRequest>